<?xml version="1.0" encoding="UTF-8"?>
<rdf:RDF xmlns:rdf="http://www.w3.org/1999/02/22-rdf-syntax-ns#"	xmlns:cim="http://iec.ch/TC57/2009/CIM-schema-cim14#">
<cim:SvShuntCompensatorSections rdf:ID="_BUS____9_SCS">
	<cim:SvShuntCompensatorSections.ShuntCompensator rdf:resource="#_BUS____9_SC"/>
	<cim:SvShuntCompensatorSections.continuousSections>1</cim:SvShuntCompensatorSections.continuousSections>
</cim:SvShuntCompensatorSections>
<cim:SvPowerFlow rdf:ID="_SVPF_0">
	<cim:SvPowerFlow.Terminal rdf:resource="#_BUS____1_SM_TE"/>
	<cim:SvPowerFlow.p>-232.346</cim:SvPowerFlow.p>
	<cim:SvPowerFlow.q>16.759</cim:SvPowerFlow.q>
</cim:SvPowerFlow>
<cim:SvPowerFlow rdf:ID="_SVPF_1">
	<cim:SvPowerFlow.Terminal rdf:resource="#_BUS____2_SM_TE"/>
	<cim:SvPowerFlow.p>-40</cim:SvPowerFlow.p>
	<cim:SvPowerFlow.q>-42.4</cim:SvPowerFlow.q>
</cim:SvPowerFlow>
<cim:SvPowerFlow rdf:ID="_SVPF_10">
	<cim:SvPowerFlow.Terminal rdf:resource="#_BUS____9_EC_TE"/>
	<cim:SvPowerFlow.p>29.5</cim:SvPowerFlow.p>
	<cim:SvPowerFlow.q>16.6</cim:SvPowerFlow.q>
</cim:SvPowerFlow>
<cim:SvPowerFlow rdf:ID="_SVPF_11">
	<cim:SvPowerFlow.Terminal rdf:resource="#_BUS___10_EC_TE"/>
	<cim:SvPowerFlow.p>9</cim:SvPowerFlow.p>
	<cim:SvPowerFlow.q>5.8</cim:SvPowerFlow.q>
</cim:SvPowerFlow>
<cim:SvPowerFlow rdf:ID="_SVPF_12">
	<cim:SvPowerFlow.Terminal rdf:resource="#_BUS___11_EC_TE"/>
	<cim:SvPowerFlow.p>3.5</cim:SvPowerFlow.p>
	<cim:SvPowerFlow.q>1.8</cim:SvPowerFlow.q>
</cim:SvPowerFlow>
<cim:SvPowerFlow rdf:ID="_SVPF_13">
	<cim:SvPowerFlow.Terminal rdf:resource="#_BUS___12_EC_TE"/>
	<cim:SvPowerFlow.p>6.1</cim:SvPowerFlow.p>
	<cim:SvPowerFlow.q>1.6</cim:SvPowerFlow.q>
</cim:SvPowerFlow>
<cim:SvPowerFlow rdf:ID="_SVPF_14">
	<cim:SvPowerFlow.Terminal rdf:resource="#_BUS___13_EC_TE"/>
	<cim:SvPowerFlow.p>13.5</cim:SvPowerFlow.p>
	<cim:SvPowerFlow.q>5.8</cim:SvPowerFlow.q>
</cim:SvPowerFlow>
<cim:SvPowerFlow rdf:ID="_SVPF_15">
	<cim:SvPowerFlow.Terminal rdf:resource="#_BUS___14_EC_TE"/>
	<cim:SvPowerFlow.p>14.9</cim:SvPowerFlow.p>
	<cim:SvPowerFlow.q>5</cim:SvPowerFlow.q>
</cim:SvPowerFlow>
<cim:SvPowerFlow rdf:ID="_SVPF_2">
	<cim:SvPowerFlow.Terminal rdf:resource="#_BUS____3_SM_TE"/>
	<cim:SvPowerFlow.p>-0</cim:SvPowerFlow.p>
	<cim:SvPowerFlow.q>-23.4</cim:SvPowerFlow.q>
</cim:SvPowerFlow>
<cim:SvPowerFlow rdf:ID="_SVPF_3">
	<cim:SvPowerFlow.Terminal rdf:resource="#_BUS____6_SM_TE"/>
	<cim:SvPowerFlow.p>-0</cim:SvPowerFlow.p>
	<cim:SvPowerFlow.q>-12.2</cim:SvPowerFlow.q>
</cim:SvPowerFlow>
<cim:SvPowerFlow rdf:ID="_SVPF_4">
	<cim:SvPowerFlow.Terminal rdf:resource="#_BUS____8_SM_TE"/>
	<cim:SvPowerFlow.p>-0</cim:SvPowerFlow.p>
	<cim:SvPowerFlow.q>-17.4</cim:SvPowerFlow.q>
</cim:SvPowerFlow>
<cim:SvPowerFlow rdf:ID="_SVPF_5">
	<cim:SvPowerFlow.Terminal rdf:resource="#_BUS____2_EC_TE"/>
	<cim:SvPowerFlow.p>21.7</cim:SvPowerFlow.p>
	<cim:SvPowerFlow.q>12.7</cim:SvPowerFlow.q>
</cim:SvPowerFlow>
<cim:SvPowerFlow rdf:ID="_SVPF_6">
	<cim:SvPowerFlow.Terminal rdf:resource="#_BUS____3_EC_TE"/>
	<cim:SvPowerFlow.p>94.2</cim:SvPowerFlow.p>
	<cim:SvPowerFlow.q>19</cim:SvPowerFlow.q>
</cim:SvPowerFlow>
<cim:SvPowerFlow rdf:ID="_SVPF_7">
	<cim:SvPowerFlow.Terminal rdf:resource="#_BUS____4_EC_TE"/>
	<cim:SvPowerFlow.p>47.8</cim:SvPowerFlow.p>
	<cim:SvPowerFlow.q>-3.9</cim:SvPowerFlow.q>
</cim:SvPowerFlow>
<cim:SvPowerFlow rdf:ID="_SVPF_8">
	<cim:SvPowerFlow.Terminal rdf:resource="#_BUS____5_EC_TE"/>
	<cim:SvPowerFlow.p>7.6</cim:SvPowerFlow.p>
	<cim:SvPowerFlow.q>1.6</cim:SvPowerFlow.q>
</cim:SvPowerFlow>
<cim:SvPowerFlow rdf:ID="_SVPF_9">
	<cim:SvPowerFlow.Terminal rdf:resource="#_BUS____6_EC_TE"/>
	<cim:SvPowerFlow.p>11.2</cim:SvPowerFlow.p>
	<cim:SvPowerFlow.q>7.5</cim:SvPowerFlow.q>
</cim:SvPowerFlow>
<cim:SvVoltage rdf:ID="_SV_0">
	<cim:SvVoltage.angle>0</cim:SvVoltage.angle>
	<cim:SvVoltage.TopologicalNode rdf:resource="#_BUS____1_TN"/>
	<cim:SvVoltage.v>1.06</cim:SvVoltage.v>
</cim:SvVoltage>
<cim:SvVoltage rdf:ID="_SV_1">
	<cim:SvVoltage.angle>-4.98</cim:SvVoltage.angle>
	<cim:SvVoltage.TopologicalNode rdf:resource="#_BUS____2_TN"/>
	<cim:SvVoltage.v>1.045</cim:SvVoltage.v>
</cim:SvVoltage>
<cim:SvVoltage rdf:ID="_SV_10">
	<cim:SvVoltage.angle>-14.79</cim:SvVoltage.angle>
	<cim:SvVoltage.TopologicalNode rdf:resource="#_BUS___11_TN"/>
	<cim:SvVoltage.v>1.057</cim:SvVoltage.v>
</cim:SvVoltage>
<cim:SvVoltage rdf:ID="_SV_11">
	<cim:SvVoltage.angle>-15.07</cim:SvVoltage.angle>
	<cim:SvVoltage.TopologicalNode rdf:resource="#_BUS___12_TN"/>
	<cim:SvVoltage.v>1.055</cim:SvVoltage.v>
</cim:SvVoltage>
<cim:SvVoltage rdf:ID="_SV_12">
	<cim:SvVoltage.angle>-15.16</cim:SvVoltage.angle>
	<cim:SvVoltage.TopologicalNode rdf:resource="#_BUS___13_TN"/>
	<cim:SvVoltage.v>1.05</cim:SvVoltage.v>
</cim:SvVoltage>
<cim:SvVoltage rdf:ID="_SV_13">
	<cim:SvVoltage.angle>-16.04</cim:SvVoltage.angle>
	<cim:SvVoltage.TopologicalNode rdf:resource="#_BUS___14_TN"/>
	<cim:SvVoltage.v>1.036</cim:SvVoltage.v>
</cim:SvVoltage>
<cim:SvVoltage rdf:ID="_SV_2">
	<cim:SvVoltage.angle>-12.72</cim:SvVoltage.angle>
	<cim:SvVoltage.TopologicalNode rdf:resource="#_BUS____3_TN"/>
	<cim:SvVoltage.v>1.01</cim:SvVoltage.v>
</cim:SvVoltage>
<cim:SvVoltage rdf:ID="_SV_3">
	<cim:SvVoltage.angle>-10.33</cim:SvVoltage.angle>
	<cim:SvVoltage.TopologicalNode rdf:resource="#_BUS____4_TN"/>
	<cim:SvVoltage.v>1.019</cim:SvVoltage.v>
</cim:SvVoltage>
<cim:SvVoltage rdf:ID="_SV_4">
	<cim:SvVoltage.angle>-8.78</cim:SvVoltage.angle>
	<cim:SvVoltage.TopologicalNode rdf:resource="#_BUS____5_TN"/>
	<cim:SvVoltage.v>1.02</cim:SvVoltage.v>
</cim:SvVoltage>
<cim:SvVoltage rdf:ID="_SV_5">
	<cim:SvVoltage.angle>-14.22</cim:SvVoltage.angle>
	<cim:SvVoltage.TopologicalNode rdf:resource="#_BUS____6_TN"/>
	<cim:SvVoltage.v>1.07</cim:SvVoltage.v>
</cim:SvVoltage>
<cim:SvVoltage rdf:ID="_SV_6">
	<cim:SvVoltage.angle>-13.37</cim:SvVoltage.angle>
	<cim:SvVoltage.TopologicalNode rdf:resource="#_BUS____7_TN"/>
	<cim:SvVoltage.v>1.062</cim:SvVoltage.v>
</cim:SvVoltage>
<cim:SvVoltage rdf:ID="_SV_7">
	<cim:SvVoltage.angle>-13.36</cim:SvVoltage.angle>
	<cim:SvVoltage.TopologicalNode rdf:resource="#_BUS____8_TN"/>
	<cim:SvVoltage.v>1.09</cim:SvVoltage.v>
</cim:SvVoltage>
<cim:SvVoltage rdf:ID="_SV_8">
	<cim:SvVoltage.angle>-14.94</cim:SvVoltage.angle>
	<cim:SvVoltage.TopologicalNode rdf:resource="#_BUS____9_TN"/>
	<cim:SvVoltage.v>1.056</cim:SvVoltage.v>
</cim:SvVoltage>
<cim:SvVoltage rdf:ID="_SV_9">
	<cim:SvVoltage.angle>-15.1</cim:SvVoltage.angle>
	<cim:SvVoltage.TopologicalNode rdf:resource="#_BUS___10_TN"/>
	<cim:SvVoltage.v>1.051</cim:SvVoltage.v>
</cim:SvVoltage>
</rdf:RDF>
